{"train_losses": [1.6949613679705373, 1.177948288905346, 0.9211131069056518, 0.7779172677213274, 0.6557899979526735, 0.47381348896514425, 0.43141617624046247, 0.40938201257030066, 0.3790398027052355, 0.372659517942792], "train_accs": [36.962, 57.402, 67.234, 72.45, 76.998, 83.528, 85.076, 85.718, 86.88, 87.19], "test_accs": [48.33, 60.04, 61.84, 71.72, 77.36, 83.46, 84.32, 84.17, 84.8, 85.04]}