{"train_losses": [2.1132534964920007, 1.4895850173042864, 1.3026594371746874, 1.1693495996772785, 1.0552609553727348, 0.8793866680101361, 0.835387157814582, 0.8073300684199614, 0.7748066068000501, 0.7736517396729315], "train_accs": [32.37, 46.096, 52.742, 58.294, 62.464, 68.83, 70.448, 71.36, 72.536, 72.562], "test_accs": [45.47, 51.05, 58.75, 58.91, 66.33, 71.47, 72.28, 72.87, 73.37, 73.36]}